wallet,fan_in,fan_out,transaction_count,amount_mean,amount_median,amount_std,amount_cv,small_tx_ratio,holding_time_mean,holding_time_median,pass_through_ratio
TScXZTbDjjZ6a6jiC7dZjgCqfNo4vm7atV,24,0,25,2049.17,198.5,3866.4,1.8868,0.84,1440.0,1440.0,0.0
TCZ9y8x7w6v5u4t3s2r1q0p9o8n7m6l5k4,25,0,25,1040.07,243.0,1974.86,1.8988,0.88,1440.0,1440.0,0.0
TPSNHXRUizxwY2ZsdFmneGGxXcCA1AQWAW,0,1,1,6000.0,6000.0,0.0,0.0,0.0,1440.0,1440.0,0.0
TVgukPuFLE5XnP8KgSGiAVDzuw5JS3Q4Ee,0,1,1,250.0,250.0,0.0,0.0,1.0,1440.0,1440.0,0.0
TA1b2c3d4e5f6g7h8i9j0k1l2m3n4o5p6q,25,0,25,1040.07,243.0,1974.86,1.8988,0.88,1440.0,1440.0,0.0
TVkfb95ZFyWrFL3fhd5utPNCp729veF5eR,0,3,3,2355.7,2355.7,0.0,0.0,1.0,1440.0,1440.0,0.0
TK4ETg8W1XvMPeL6f69MMdaupqXPtMiBr6,1,0,1,303.07,303.07,0.0,0.0,1.0,1440.0,1440.0,0.0
TCzq6m2zxnQkrZrf8cqYcK6bbXQYAfWYKC,24,0,25,2049.17,198.5,3866.4,1.8868,0.84,1440.0,1440.0,0.0
TJRewcn9rBBo2BTZ2sKYcXPZDEYPPW6ZZ5,0,3,3,500.0,500.0,0.0,0.0,1.0,1440.0,1440.0,0.0
TJCnKsPaRM2w3fKmzqwbPmdjhZWaH2vBpq,25,0,25,15571.68,254.0,64653.48,4.152,0.84,1440.0,1440.0,0.0
TSyXQF7qJys471HbyZAfoekq3CgU52U462,0,6,6,1160.4,1160.4,0.0,0.0,1.0,1440.0,1440.0,0.0
TFh4ryxwdwwsT1bJLGScaAG3qt4A6KFEPJ,1,0,1,78.5,78.5,0.0,0.0,1.0,1440.0,1440.0,0.0
TRBACioxdrdsYEZHvJWiUDZcMdBPpEe5Ub,24,0,25,2049.17,198.5,3866.4,1.8868,0.84,1440.0,1440.0,0.0
TMU2tibMstiGDwMbVRWAhoikj3nWPL4V4N,1,0,1,5.0,5.0,0.0,0.0,1.0,1440.0,1440.0,0.0
TMuA6YWoEjWMptRvwUwBNbxVxYbmPFjLgS,25,0,25,15571.68,254.0,64653.48,4.152,0.84,1440.0,1440.0,0.0
TQqCpud8AXCTBdhuHEaQHDxLuyfThu67dS,1,0,1,400.0,400.0,0.0,0.0,1.0,1440.0,1440.0,0.0
TZD9UhxEW5KyoeDQC9q3oUgR7uFqHHwJdN,1,0,1,75.19,75.19,0.0,0.0,1.0,1440.0,1440.0,0.0
TV5ZTpKDszLTF6XcMnPongS33pwBgF91by,25,0,25,1184.23,188.09,2549.1,2.1525,0.92,1440.0,1440.0,0.0
TUoixKFaWVsHxGWgnYyMzpkrT22YqU7VvH,25,0,25,1184.23,188.09,2549.1,2.1525,0.92,1440.0,1440.0,0.0
TKcpAqUjgAnfkk7shyHwnasMCk8xTCh7Y5,0,1,1,250.0,250.0,0.0,0.0,1.0,1440.0,1440.0,0.0
TZEQvGhY88AAVtPu18oxsWVKEBgWkzNb9s,0,3,3,13.0,13.0,0.0,0.0,1.0,1440.0,1440.0,0.0
TDprk9jeYPVm6khkBp1u7fwuyJcEJFrPWD,25,0,25,1184.23,188.09,2549.1,2.1525,0.92,1440.0,1440.0,0.0
TWUhnk5Mu3WQsTb1dbiC7trtuVLfYz7hWJ,0,1,1,1600.0,1600.0,0.0,0.0,1.0,1440.0,1440.0,0.0
TUHpC426oGAJyvqrrvbZ9bn1MV2XgKqHGU,1,0,1,3700.0,3700.0,0.0,0.0,0.0,1440.0,1440.0,0.0
TMNT24gTYD7UBMTj7pRgYuXd1T76mVgv8X,0,7,7,445.0,445.0,0.0,0.0,1.0,1440.0,1440.0,0.0
TQtnXrZCysJrjB5LzGpTpjVkM4mRkidwMZ,0,1,1,280.0,280.0,0.0,0.0,1.0,1440.0,1440.0,0.0
TMuCgBejD5RsNANZdjGtaM3YyKGNgDoy7N,14,0,25,13108.93,448.0,54646.25,4.1686,0.84,1440.0,1440.0,0.0
TVi2HR8FmV95EzM8iH6Sb1cSjEdtEr3cVc,0,1,1,500.0,500.0,0.0,0.0,1.0,1440.0,1440.0,0.0
TWPma8xH48AEN93x2krdukV9e1j6sPsBeS,14,0,25,13108.93,448.0,54646.25,4.1686,0.84,1440.0,1440.0,0.0
TEFph7dZoUN5233cGEzF6XFwRpjPF8fQDS,14,0,25,13108.93,448.0,54646.25,4.1686,0.84,1440.0,1440.0,0.0
TBWRDpQsW1ZVPGGaBAwVLNb7iqmVBuM1nj,14,0,25,13108.93,448.0,54646.25,4.1686,0.84,1440.0,1440.0,0.0
TH3pawT6QBfgeuSbMaGE7YC5rYYtuVBdPD,1,0,1,10.01,10.01,0.0,0.0,1.0,1440.0,1440.0,0.0
TBwghbQMsBC5xcUxE7ZpYXhfDMXZAfiFv6,14,0,25,13108.93,448.0,54646.25,4.1686,0.84,1440.0,1440.0,0.0
TBdCbjNjhRN6qKgpLazTTqVMWHoFFmZiUu,0,1,1,506.0,506.0,0.0,0.0,1.0,1440.0,1440.0,0.0
TSBHPFbPUUntP8d3mZ4KzdCNJnFJDsDGCq,0,7,7,257.18,257.18,0.0,0.0,1.0,1440.0,1440.0,0.0
TLoG3vbjDgqmTD5bM7w9rMgA6ysaNReuRy,14,0,25,13108.93,448.0,54646.25,4.1686,0.84,1440.0,1440.0,0.0
TAoLw5yD5XUoHWeBZRSZ1ExK9HMv2CiPvP,14,0,25,13108.93,448.0,54646.25,4.1686,0.84,1440.0,1440.0,0.0
T9yD14Nj9j7xAB4dbGeiX9h8unkKHxuWwb,25,0,25,15571.68,254.0,64653.48,4.152,0.84,1440.0,1440.0,0.0
TNiq9AXBp9EjUqhDhrwrfvAA8U3GUQZH81,20,0,25,827.63,218.15,1418.39,1.7138,0.92,1440.0,1440.0,0.0
TXEsK1sEsKjZ1xtHitnyAAoqw3WLdYdRNW,20,0,25,827.63,218.15,1418.39,1.7138,0.92,1440.0,1440.0,0.0
TSYiP2LuwWCgaV8ucarJKWeWgxv1wnJQJU,1,0,1,2100.0,2100.0,0.0,0.0,1.0,1440.0,1440.0,0.0
TWahxbf8b3frWnU6KRo5xjDXFMPEYxe5rY,0,2,2,27.78,27.78,15.52,0.5586,1.0,1440.0,1440.0,0.0
TFSV575ttC3x3sKfSpJg6RKXmRcC3Y7MHU,0,3,3,294.0,294.0,0.0,0.0,1.0,1440.0,1440.0,0.0
TBXMiRqUp1XH1zLazWu8cWitMAScv4HsYq,20,0,25,827.63,218.15,1418.39,1.7138,0.92,1440.0,1440.0,0.0
TR4248oL8KAij1AVCbK4KGRRnqizFV5Mnr,0,1,1,69.75,69.75,0.0,0.0,1.0,1440.0,1440.0,0.0
TSpo7CE4guuU7BSxNMrHWARBnLcUvj6W7a,1,0,1,36.09,36.09,0.0,0.0,1.0,1440.0,1440.0,0.0
TUEUFejjx7PXAiWaomXKiCpuzwo1iWbmQH,0,7,7,29.1,29.1,0.0,0.0,1.0,1440.0,1440.0,0.0
TBN1m2n3o4p5q6r7s8t9u0v1w2x3y4z5a6,25,0,25,1040.07,243.0,1974.86,1.8988,0.88,1440.0,1440.0,0.0
TDoXUNZ6PajKuiUkcYg3EDSV9bnqGqsbcf,0,1,1,1482.77,1482.77,0.0,0.0,1.0,1440.0,1440.0,0.0
TQu97E74sEHDdu3W9fvBJPpTT7sASq7yFZ,0,3,3,15000.0,15000.0,0.0,0.0,0.0,1440.0,1440.0,0.0
TRwiyQumQU8g3Gwv2x76RqiskF1X2Aqpd3,1,0,1,674.91,674.91,0.0,0.0,1.0,1440.0,1440.0,0.0
TEEYCuGDyeNkuDj4u6GQRXxXo3Nh29r2vP,20,0,25,827.63,218.15,1418.39,1.7138,0.92,1440.0,1440.0,0.0
TC8axQvzJEVR3NKN6mZnJtGy7537GEmh38,20,0,25,827.63,218.15,1418.39,1.7138,0.92,1440.0,1440.0,0.0
TFQFW3zkCeKY4xVQM6q8YPNQp2WLTSjUzP,1,0,1,6000.0,6000.0,0.0,0.0,0.0,1440.0,1440.0,0.0
TCu5onCzXuqxjvVzdB2tR4FLuF66d4yRqf,25,0,25,15571.68,254.0,64653.48,4.152,0.84,1440.0,1440.0,0.0
TBYRhsZR7Mdn9ezpGVLwZiNVnGm8wZGLAD,25,0,25,15571.68,254.0,64653.48,4.152,0.84,1440.0,1440.0,0.0
TLyBzZcKTLJt3qQy1m2b3c4d5e6f7g8h9i,25,0,25,1040.07,243.0,1974.86,1.8988,0.88,1440.0,1440.0,0.0
TKhuVqBsqeaEsioQWjPZXa8CV8D1KVoVGP,25,0,25,15571.68,254.0,64653.48,4.152,0.84,1440.0,1440.0,0.0
TNXasaWq49v71J5L2vJd14x58F3k9f4q1a,25,0,25,1040.07,243.0,1974.86,1.8988,0.88,1440.0,1440.0,0.0
TDExchG1H2I3J4K5L6M7N8O9P0Q1R2S3T4,25,0,25,1040.07,243.0,1974.86,1.8988,0.88,1440.0,1440.0,0.0
