wallet,risk_score,positive_probability,priority_status,fan_in,fan_out,transaction_count,holding_time_median,pass_through_ratio,small_tx_ratio,amount_cv
TMU2tibMstiGDwMbVRWAhoikj3nWPL4V4N,100.0,1.0,[추가 분석 우선 대상],1,0,1,1440.0,0.0,1.0,0.0
TFh4ryxwdwwsT1bJLGScaAG3qt4A6KFEPJ,100.0,1.0,[추가 분석 우선 대상],1,0,1,1440.0,0.0,1.0,0.0
TZEQvGhY88AAVtPu18oxsWVKEBgWkzNb9s,100.0,1.0,[추가 분석 우선 대상],0,3,3,1440.0,0.0,1.0,0.0
TZD9UhxEW5KyoeDQC9q3oUgR7uFqHHwJdN,100.0,1.0,[추가 분석 우선 대상],1,0,1,1440.0,0.0,1.0,0.0
TWahxbf8b3frWnU6KRo5xjDXFMPEYxe5rY,100.0,1.0,[추가 분석 우선 대상],0,2,2,1440.0,0.0,1.0,0.5586
TH3pawT6QBfgeuSbMaGE7YC5rYYtuVBdPD,100.0,1.0,[추가 분석 우선 대상],1,0,1,1440.0,0.0,1.0,0.0
TR4248oL8KAij1AVCbK4KGRRnqizFV5Mnr,100.0,1.0,[추가 분석 우선 대상],0,1,1,1440.0,0.0,1.0,0.0
TSpo7CE4guuU7BSxNMrHWARBnLcUvj6W7a,100.0,1.0,[추가 분석 우선 대상],1,0,1,1440.0,0.0,1.0,0.0
TUEUFejjx7PXAiWaomXKiCpuzwo1iWbmQH,100.0,1.0,[추가 분석 우선 대상],0,7,7,1440.0,0.0,1.0,0.0
TBdCbjNjhRN6qKgpLazTTqVMWHoFFmZiUu,86.7,0.8667,[추가 분석 우선 대상],0,1,1,1440.0,0.0,1.0,0.0
TMNT24gTYD7UBMTj7pRgYuXd1T76mVgv8X,86.7,0.8667,[추가 분석 우선 대상],0,7,7,1440.0,0.0,1.0,0.0
TVi2HR8FmV95EzM8iH6Sb1cSjEdtEr3cVc,86.7,0.8667,[추가 분석 우선 대상],0,1,1,1440.0,0.0,1.0,0.0
TJRewcn9rBBo2BTZ2sKYcXPZDEYPPW6ZZ5,86.7,0.8667,[추가 분석 우선 대상],0,3,3,1440.0,0.0,1.0,0.0
TQqCpud8AXCTBdhuHEaQHDxLuyfThu67dS,86.7,0.8667,[추가 분석 우선 대상],1,0,1,1440.0,0.0,1.0,0.0
TRwiyQumQU8g3Gwv2x76RqiskF1X2Aqpd3,86.7,0.8667,[추가 분석 우선 대상],1,0,1,1440.0,0.0,1.0,0.0
TFQFW3zkCeKY4xVQM6q8YPNQp2WLTSjUzP,86.0,0.8604,[추가 분석 우선 대상],1,0,1,1440.0,0.0,0.0,0.0
TUHpC426oGAJyvqrrvbZ9bn1MV2XgKqHGU,86.0,0.8604,[추가 분석 우선 대상],1,0,1,1440.0,0.0,0.0,0.0
TPSNHXRUizxwY2ZsdFmneGGxXcCA1AQWAW,86.0,0.8604,[추가 분석 우선 대상],0,1,1,1440.0,0.0,0.0,0.0
TSyXQF7qJys471HbyZAfoekq3CgU52U462,84.7,0.8467,[추가 분석 우선 대상],0,6,6,1440.0,0.0,1.0,0.0
TVkfb95ZFyWrFL3fhd5utPNCp729veF5eR,84.7,0.8467,[추가 분석 우선 대상],0,3,3,1440.0,0.0,1.0,0.0
TSYiP2LuwWCgaV8ucarJKWeWgxv1wnJQJU,84.7,0.8467,[추가 분석 우선 대상],1,0,1,1440.0,0.0,1.0,0.0
TWUhnk5Mu3WQsTb1dbiC7trtuVLfYz7hWJ,84.7,0.8467,[추가 분석 우선 대상],0,1,1,1440.0,0.0,1.0,0.0
TDoXUNZ6PajKuiUkcYg3EDSV9bnqGqsbcf,84.7,0.8467,[추가 분석 우선 대상],0,1,1,1440.0,0.0,1.0,0.0
TKcpAqUjgAnfkk7shyHwnasMCk8xTCh7Y5,83.7,0.8367,[추가 분석 우선 대상],0,1,1,1440.0,0.0,1.0,0.0
TVgukPuFLE5XnP8KgSGiAVDzuw5JS3Q4Ee,83.7,0.8367,[추가 분석 우선 대상],0,1,1,1440.0,0.0,1.0,0.0
TK4ETg8W1XvMPeL6f69MMdaupqXPtMiBr6,83.7,0.8367,[추가 분석 우선 대상],1,0,1,1440.0,0.0,1.0,0.0
TSBHPFbPUUntP8d3mZ4KzdCNJnFJDsDGCq,83.7,0.8367,[추가 분석 우선 대상],0,7,7,1440.0,0.0,1.0,0.0
TQtnXrZCysJrjB5LzGpTpjVkM4mRkidwMZ,83.7,0.8367,[추가 분석 우선 대상],0,1,1,1440.0,0.0,1.0,0.0
TFSV575ttC3x3sKfSpJg6RKXmRcC3Y7MHU,83.7,0.8367,[추가 분석 우선 대상],0,3,3,1440.0,0.0,1.0,0.0
TQu97E74sEHDdu3W9fvBJPpTT7sASq7yFZ,79.4,0.7943,[추가 분석 우선 대상],0,3,3,1440.0,0.0,0.0,0.0
